fraction,rep,density,transitivity,transitivity_error
0.25,0,0.027586206896551724,0.0,0.09484435797665369
0.25,1,0.021839080459770115,0.16666666666666666,0.07182230869001296
0.25,2,0.021839080459770115,0.15,0.0551556420233463
0.25,3,0.027586206896551724,0.13636363636363635,0.04151927838698266
0.25,4,0.022988505747126436,0.15,0.0551556420233463
0.25,5,0.022988505747126436,0.0,0.09484435797665369
0.25,6,0.022988505747126436,0.09090909090909091,0.003935267067562781
0.25,7,0.029885057471264367,0.0,0.09484435797665369
0.25,8,0.02528735632183908,0.125,0.030155642023346307
0.25,9,0.03333333333333333,0.10344827586206896,0.008603917885415271
0.25,10,0.01954022988505747,0.14285714285714285,0.04801278488048916
0.25,11,0.03103448275862069,0.11538461538461539,0.0205402574079617
0.25,12,0.01954022988505747,0.0,0.09484435797665369
0.25,13,0.022988505747126436,0.12,0.025155642023346303
0.25,14,0.020689655172413793,0.0,0.09484435797665369
0.25,15,0.034482758620689655,0.17307692307692307,0.07823256510026938
0.25,16,0.020689655172413793,0.0,0.09484435797665369
0.25,17,0.02528735632183908,0.11538461538461539,0.0205402574079617
0.25,18,0.02528735632183908,0.28125,0.1864056420233463
0.25,19,0.022988505747126436,0.0,0.09484435797665369
0.5,0,0.024858757062146894,0.10714285714285714,0.012298499166203444
0.5,1,0.023163841807909605,0.06944444444444445,0.025399913532209245
0.5,2,0.023163841807909605,0.07936507936507936,0.015479278611574332
0.5,3,0.023728813559322035,0.05504587155963303,0.03979848641702066
0.5,4,0.02514124293785311,0.16666666666666666,0.07182230869001296
0.5,5,0.027401129943502824,0.16666666666666666,0.07182230869001296
0.5,6,0.024858757062146894,0.07142857142857142,0.023415786548082268
0.5,7,0.027966101694915254,0.09090909090909091,0.003935267067562781
0.5,8,0.02231638418079096,0.1065989847715736,0.011754626794919912
0.5,9,0.029943502824858758,0.10597826086956522,0.011133902892911524
0.5,10,0.031638418079096044,0.09424083769633508,0.0006035202803186118
0.5,11,0.026836158192090395,0.09195402298850575,0.0028903349881479468
0.5,12,0.02344632768361582,0.08860759493670886,0.0062367630399448315
0.5,13,0.02344632768361582,0.1111111111111111,0.016266753134457412
0.5,14,0.02937853107344633,0.16285714285714287,0.06801278488048917
0.5,15,0.023163841807909605,0.08823529411764706,0.006609063859006628
0.5,16,0.025423728813559324,0.06382978723404255,0.031014570742611144
0.5,17,0.022033898305084745,0.0847457627118644,0.01009859526478929
0.5,18,0.02514124293785311,0.08536585365853659,0.0094785043181171
0.5,19,0.020903954802259886,0.1099476439790576,0.015103286002403904
0.75,0,0.026092384519350812,0.11356466876971609,0.018720310793062397
0.75,1,0.02659176029962547,0.07725321888412018,0.017591139092533514
0.75,2,0.023096129837702872,0.10148849797023005,0.006644139993576353
0.75,3,0.027715355805243445,0.10140845070422536,0.006564092727571663
0.75,4,0.02484394506866417,0.08560794044665013,0.009236417530003566
0.75,5,0.025967540574282147,0.08071748878923767,0.014126869187416027
0.75,6,0.024344569288389514,0.09293680297397769,0.0019075550026760035
0.75,7,0.023845193508114856,0.0811965811965812,0.013647776780072493
0.75,8,0.024344569288389514,0.08791208791208792,0.006932270064565774
0.75,9,0.024719101123595506,0.08571428571428572,0.009130072262367978
0.75,10,0.026092384519350812,0.07216494845360824,0.022679409523045452
0.75,11,0.027965043695380776,0.11614730878186968,0.021302950805215992
0.75,12,0.026217228464419477,0.11351351351351352,0.018669155536859827
0.75,13,0.02446941323345818,0.08386277001270648,0.010981587963947215
0.75,14,0.02546816479400749,0.0985277463193658,0.0036833883427121045
0.75,15,0.024719101123595506,0.06577344701583435,0.029070910960819346
0.75,16,0.025593008739076155,0.09502262443438914,0.00017826645773544314
0.75,17,0.025093632958801498,0.10047846889952153,0.0056341109228678354
0.75,18,0.026217228464419477,0.09491525423728814,7.089626063444543e-05
0.75,19,0.024094881398252183,0.08281053952321205,0.012033818453441647
