farm,region,in_degree,out_degree,weighted_in,weighted_out,pagerank,infected,infection_time,community
0,0,4,2,22,10,0.008150494256451177,0,-1,6
1,3,3,3,18,22,0.014131506138849018,0,-1,5
2,2,4,3,15,11,0.014395668513850452,1,4,1
3,1,4,2,11,6,0.007308365245840351,0,-1,3
4,1,1,3,3,20,0.008805503807580902,0,-1,1
5,3,7,6,36,18,0.032436735254289924,0,-1,0
6,0,1,0,12,0,0.007775542171292347,0,-1,3
7,2,6,2,25,9,0.016809775361140228,0,-1,4
8,0,1,3,2,16,0.0018449660581311739,0,-1,3
9,0,4,4,23,17,0.01020804378137875,0,-1,6
10,2,5,2,31,7,0.013679656367160151,1,0,1
11,3,3,3,15,17,0.0059362680607125,0,-1,0
12,2,4,2,9,14,0.0069411096116378706,0,-1,1
13,3,3,1,17,4,0.010848833356671347,1,10,4
14,2,3,3,13,10,0.006788652494402011,0,-1,0
15,3,4,5,13,33,0.008884555311564787,0,-1,0
16,2,5,2,17,9,0.007493860182422063,0,-1,1
17,0,3,3,12,12,0.009283558622682424,0,-1,2
18,3,6,1,31,5,0.01230273758991349,0,-1,4
19,1,5,1,23,4,0.008430192474516523,0,-1,2
20,2,1,2,6,7,0.004937093786158505,1,10,5
21,1,5,3,25,7,0.009409487722421762,0,-1,5
22,0,2,4,12,25,0.01204299847711263,1,10,1
23,3,1,5,9,18,0.0024572354764480294,0,-1,0
24,3,2,1,10,6,0.012185061243635359,0,-1,0
25,2,2,7,10,40,0.004923669238831794,0,-1,2
26,1,5,3,28,17,0.01236248909673648,0,-1,5
27,3,3,0,11,0,0.008645109287202704,0,-1,5
28,2,4,2,22,8,0.007766281263218397,0,-1,4
29,1,0,1,0,3,0.0015273455536771164,0,-1,1
30,1,2,0,15,0,0.0031925405184219545,0,-1,2
31,0,4,3,27,13,0.008240900973890573,0,-1,3
32,0,2,3,15,22,0.005086982468670167,0,-1,1
33,2,0,2,0,9,0.0015273455536771164,0,-1,0
34,3,5,4,18,16,0.010956480937827369,0,-1,0
35,0,4,2,26,7,0.008194149066425767,0,-1,6
36,3,3,3,13,13,0.011768601501419392,0,-1,0
37,3,1,4,7,19,0.0023097224908123866,0,-1,0
38,1,1,6,4,29,0.003996628136193213,0,-1,0
39,2,5,4,32,14,0.010760884259583506,0,-1,1
40,0,1,5,6,27,0.010715842892230182,0,-1,6
41,3,1,5,4,29,0.005707230826163755,0,-1,3
42,2,2,2,7,9,0.0033611986705156913,0,-1,4
43,1,3,0,13,0,0.003470000050177887,0,-1,6
44,0,3,3,10,17,0.00450159044208924,0,-1,6
45,3,4,5,15,21,0.01404211951017852,1,9,5
46,1,4,4,24,10,0.012902579968152326,0,-1,1
47,3,3,2,13,10,0.007621275600941577,0,-1,0
48,2,3,1,10,6,0.005753527882417704,0,-1,7
49,3,3,5,15,28,0.010862767140411813,0,-1,5
50,3,3,1,19,2,0.01340354365111586,0,-1,5
51,0,3,1,8,9,0.003707455069870358,0,-1,3
52,1,3,3,13,9,0.003634637898082945,0,-1,7
53,1,4,3,20,17,0.01234788406456706,0,-1,3
54,1,2,4,6,18,0.0060944820474359085,0,-1,0
55,0,4,5,17,22,0.004449150541917129,0,-1,7
56,2,2,4,9,16,0.00630429601565917,0,-1,4
57,0,3,4,19,18,0.009339821143819153,0,-1,3
58,2,3,3,10,12,0.00974583185838622,1,2,4
59,2,2,4,10,30,0.007314956006470937,0,-1,1
60,3,2,2,8,10,0.016427650793197517,0,-1,5
61,2,4,2,21,13,0.005583629480896577,0,-1,6
62,1,0,3,0,16,0.0015273455536771164,0,-1,2
63,3,2,5,11,23,0.012827713848661229,0,-1,3
64,1,3,5,14,22,0.0037521405660457556,0,-1,5
65,1,1,3,4,22,0.004110329090997573,0,-1,4
66,3,3,5,16,24,0.008461071908197938,0,-1,7
67,1,4,2,21,9,0.0068652832645982684,0,-1,0
68,0,7,2,31,14,0.013386252092356252,0,-1,7
69,1,1,6,1,38,0.00197153126421018,0,-1,2
70,3,3,1,11,5,0.00575834424395537,0,-1,4
71,0,4,1,19,4,0.008326300861449084,0,-1,6
72,1,2,4,5,19,0.0048682458016196285,0,-1,3
73,0,1,7,2,31,0.0021869115685001885,0,-1,4
74,2,3,5,14,24,0.00817829654916416,0,-1,1
75,1,3,9,18,43,0.00529453998086641,0,-1,2
76,1,2,3,12,17,0.0023663282621120083,0,-1,2
77,0,1,4,10,22,0.004900237914309439,0,-1,6
78,2,3,2,15,11,0.008136030818895695,1,10,4
79,2,3,2,15,10,0.006947210062165468,1,9,7
80,3,4,4,23,25,0.009743189083479029,0,-1,0
81,1,2,0,10,0,0.005374023500150207,0,-1,2
82,0,0,2,0,11,0.0015273455536771164,0,-1,2
83,3,1,2,6,7,0.011884628455392558,0,-1,0
84,2,3,2,20,9,0.009652188684925858,0,-1,1
85,2,3,5,15,25,0.01718767191238321,1,8,5
86,0,2,2,11,8,0.00895903653807002,0,-1,1
87,1,2,3,8,11,0.005748010608948098,0,-1,2
88,3,3,2,14,9,0.011064655437311444,0,-1,3
89,3,5,3,26,16,0.011985950337872663,1,6,0
90,1,5,3,24,12,0.00911588051288887,0,-1,2
91,3,4,2,24,10,0.013184443520391075,0,-1,5
92,3,2,6,6,29,0.0030728017450841897,0,-1,7
93,1,3,2,21,9,0.006350931986573457,0,-1,4
94,3,6,1,31,7,0.02213449726680819,0,-1,0
95,1,2,3,12,14,0.00752122437110104,0,-1,2
96,0,3,0,11,0,0.009170377412153208,0,-1,3
97,2,7,4,43,19,0.024975455746964043,1,9,1
98,2,2,3,12,9,0.009546648647394598,0,-1,4
99,0,7,4,34,23,0.014089041549585422,0,-1,3
100,3,0,0,0,0,0.0015273455536771164,0,-1,8
101,0,2,5,8,31,0.004433265407981517,0,-1,6
102,3,6,2,39,8,0.02283414849482942,0,-1,0
103,0,3,2,18,7,0.008521230904193603,0,-1,3
104,3,7,3,31,14,0.010907033115183477,1,8,0
105,3,0,1,0,3,0.0015273455536771164,0,-1,0
106,3,2,3,8,13,0.0035703987433062506,0,-1,7
107,2,1,3,4,9,0.005134361119254104,0,-1,4
108,1,6,3,29,12,0.009538381626509072,0,-1,2
109,2,2,3,6,14,0.003922456904743606,0,-1,1
110,1,3,4,12,17,0.007472872812680955,0,-1,2
111,3,2,5,14,35,0.0057348335155494225,0,-1,0
112,2,2,2,8,13,0.004841496684313945,0,-1,1
113,1,4,2,15,10,0.008480340787606344,0,-1,1
114,2,3,3,13,14,0.004226193232706321,1,7,7
115,2,3,2,12,7,0.008872987215304298,0,-1,0
116,0,3,4,13,19,0.0056929037701246915,0,-1,6
117,0,3,5,21,33,0.004339666906531836,0,-1,2
118,0,6,7,29,40,0.019019278897028077,0,-1,6
119,0,1,2,9,18,0.005212838964313546,0,-1,1
